KEGG_id,KEGG_name,KEGG_formula,KEGG_pathway,KEGG_module,KEGG_brite,KEGG_enzyme,KEGG_reaction,id,Formula,Name
cpd:C08932,Bayogenin 3-O-cellobioside,C42H68O15,NA,NA,Lipids [BR:br08002]; PR  Prenol lipids;  PR01 Isoprenoids;   PR0106 C30 isoprenoids (triterpenes);    PR010615 Oleanane triterpenoids;     C08932  Bayogenin 3-O-cellobioside;Phytochemical compounds [BR:br08003]; Terpenoids;  Triterpenoids (C30);   Others;    C08932  Bayogenin 3-O-cellobioside;Glycosides [BR:br08021]; O-glycosides;  Saponins;   Triterpenoid;    C08932  Bayogenin 3-O-cellobioside,NA,NA,Feature0222,C42H68O15,Bayogenin 3-O-cellobioside
cpd:C05625,"Rutin;3-[[6-O-(6-Deoxy-alpha-L-mannopyranosyl)-beta-D-glucopyranosyl]oxy]-2-(3,4-dihydroxyphenyl)-5,7-dihydroxy-4H-1-benzopyran-4-one;Quercetin 3-rutinoside;Rutoside;Phytomelin",C27H30O16,Flavone and flavonol biosynthesis;Metabolic pathways;Biosynthesis of secondary metabolites,NA,Lipids [BR:br08002]; PK  Polyketides;  PK12 Flavonoids;   PK1211 Flavones and Flavonols;    C05625  Rutin;Phytochemical compounds [BR:br08003]; Flavonoids;  Flavonoids;   Flavonols;    C05625  Rutin;Glycosides [BR:br08021]; O-glycosides;  Flavonoid glycosides;   Flavones and flavonols;    C05625  Rutin;Anatomical Therapeutic Chemical (ATC) classification [BR:br08303]; C CARDIOVASCULAR SYSTEM;  C05 VASOPROTECTIVES;   C05C CAPILLARY STABILIZING AGENTS;    C05CA Bioflavonoids;     C05CA01 Rutoside;      D08499  Rutoside (INN);Risk category of Japanese OTC drugs [BR:br08312]; Third-class OTC drugs;  Inorganic and organic chemicals;   Rutin;    D08499  Rutoside (INN),2.4.1.159;2.4.2.35;3.2.1.40,R04900 R06811 R13063,Feature0157,C27H30O16,Rutin
cpd:C10102,"Lucenin-2;Luteolin 6,8-di-C-glucoside",C27H30O16,NA,NA,Lipids [BR:br08002]; PK  Polyketides;  PK12 Flavonoids;   PK1211 Flavones and Flavonols;    C10102  Lucenin-2;Phytochemical compounds [BR:br08003]; Flavonoids;  Flavonoids;   Flavones;    C10102  Lucenin-2;Glycosides [BR:br08021]; C-glycosides;  C10102  Lucenin-2,NA,NA,Feature0157,C27H30O16,Rutin
cpd:C12634,Kaempferol 3-O-beta-D-glucosyl-(1->2)-beta-D-glucoside;Kaempferol 3-O-beta-D-sophoroside;Sophoraflavonoloside,C27H30O16,Flavone and flavonol biosynthesis;Biosynthesis of secondary metabolites,NA,Lipids [BR:br08002]; PK  Polyketides;  PK12 Flavonoids;   PK1211 Flavones and Flavonols;    C12634  Kaempferol 3-O-beta-D-glucosyl-(1->2)-beta-D-glucoside;Phytochemical compounds [BR:br08003]; Flavonoids;  Flavonoids;   Flavonols;    C12634  Kaempferol 3-O-beta-D-glucosyl-(1->2)-beta-D-glucoside,2.4.1.239;2.4.1.240,R06804 R06805,Feature0157,C27H30O16,Rutin
cpd:C16490,Kaempferol 3-O-beta-D-glucosylgalactoside,C27H30O16,Flavone and flavonol biosynthesis;Biosynthesis of secondary metabolites,NA,Lipids [BR:br08002]; PK  Polyketides;  PK12 Flavonoids;   PK1211 Flavones and Flavonols;    C16490  Kaempferol 3-O-beta-D-glucosylgalactoside;Phytochemical compounds [BR:br08003]; Flavonoids;  Flavonoids;   Flavonols;    C16490  Kaempferol 3-O-beta-D-glucosylgalactoside;Glycosides [BR:br08021]; O-glycosides;  Flavonoid glycosides;   Flavones and flavonols;    C16490  Kaempferol 3-O-beta-D-glucosylgalactoside,2.4.1.-,R08128,Feature0157,C27H30O16,Rutin
cpd:C17563,Multinoside A,C27H30O16,NA,NA,Lipids [BR:br08002]; PK  Polyketides;  PK12 Flavonoids;   PK1211 Flavones and Flavonols;    C17563  Multinoside A;Glycosides [BR:br08021]; O-glycosides;  Flavonoid glycosides;   Flavones and flavonols;    C17563  Multinoside A,NA,NA,Feature0157,C27H30O16,Rutin
cpd:C19796,Quercetin 3-O-rhamnoside 7-O-glucoside,C27H30O16,Flavone and flavonol biosynthesis,NA,Lipids [BR:br08002]; PK  Polyketides;  PK12 Flavonoids;   PK1211 Flavones and Flavonols;    C19796  Quercetin 3-O-rhamnoside 7-O-glucoside,2.4.1.-,R09804,Feature0157,C27H30O16,Rutin
cpd:C05625,"Rutin;3-[[6-O-(6-Deoxy-alpha-L-mannopyranosyl)-beta-D-glucopyranosyl]oxy]-2-(3,4-dihydroxyphenyl)-5,7-dihydroxy-4H-1-benzopyran-4-one;Quercetin 3-rutinoside;Rutoside;Phytomelin",C27H30O16,Flavone and flavonol biosynthesis;Metabolic pathways;Biosynthesis of secondary metabolites,NA,Lipids [BR:br08002]; PK  Polyketides;  PK12 Flavonoids;   PK1211 Flavones and Flavonols;    C05625  Rutin;Phytochemical compounds [BR:br08003]; Flavonoids;  Flavonoids;   Flavonols;    C05625  Rutin;Glycosides [BR:br08021]; O-glycosides;  Flavonoid glycosides;   Flavones and flavonols;    C05625  Rutin;Anatomical Therapeutic Chemical (ATC) classification [BR:br08303]; C CARDIOVASCULAR SYSTEM;  C05 VASOPROTECTIVES;   C05C CAPILLARY STABILIZING AGENTS;    C05CA Bioflavonoids;     C05CA01 Rutoside;      D08499  Rutoside (INN);Risk category of Japanese OTC drugs [BR:br08312]; Third-class OTC drugs;  Inorganic and organic chemicals;   Rutin;    D08499  Rutoside (INN),2.4.1.159;2.4.2.35;3.2.1.40,R04900 R06811 R13063,Feature0156,C27H30O16,Rutin
cpd:C10102,"Lucenin-2;Luteolin 6,8-di-C-glucoside",C27H30O16,NA,NA,Lipids [BR:br08002]; PK  Polyketides;  PK12 Flavonoids;   PK1211 Flavones and Flavonols;    C10102  Lucenin-2;Phytochemical compounds [BR:br08003]; Flavonoids;  Flavonoids;   Flavones;    C10102  Lucenin-2;Glycosides [BR:br08021]; C-glycosides;  C10102  Lucenin-2,NA,NA,Feature0156,C27H30O16,Rutin
cpd:C12634,Kaempferol 3-O-beta-D-glucosyl-(1->2)-beta-D-glucoside;Kaempferol 3-O-beta-D-sophoroside;Sophoraflavonoloside,C27H30O16,Flavone and flavonol biosynthesis;Biosynthesis of secondary metabolites,NA,Lipids [BR:br08002]; PK  Polyketides;  PK12 Flavonoids;   PK1211 Flavones and Flavonols;    C12634  Kaempferol 3-O-beta-D-glucosyl-(1->2)-beta-D-glucoside;Phytochemical compounds [BR:br08003]; Flavonoids;  Flavonoids;   Flavonols;    C12634  Kaempferol 3-O-beta-D-glucosyl-(1->2)-beta-D-glucoside,2.4.1.239;2.4.1.240,R06804 R06805,Feature0156,C27H30O16,Rutin
cpd:C16490,Kaempferol 3-O-beta-D-glucosylgalactoside,C27H30O16,Flavone and flavonol biosynthesis;Biosynthesis of secondary metabolites,NA,Lipids [BR:br08002]; PK  Polyketides;  PK12 Flavonoids;   PK1211 Flavones and Flavonols;    C16490  Kaempferol 3-O-beta-D-glucosylgalactoside;Phytochemical compounds [BR:br08003]; Flavonoids;  Flavonoids;   Flavonols;    C16490  Kaempferol 3-O-beta-D-glucosylgalactoside;Glycosides [BR:br08021]; O-glycosides;  Flavonoid glycosides;   Flavones and flavonols;    C16490  Kaempferol 3-O-beta-D-glucosylgalactoside,2.4.1.-,R08128,Feature0156,C27H30O16,Rutin
cpd:C17563,Multinoside A,C27H30O16,NA,NA,Lipids [BR:br08002]; PK  Polyketides;  PK12 Flavonoids;   PK1211 Flavones and Flavonols;    C17563  Multinoside A;Glycosides [BR:br08021]; O-glycosides;  Flavonoid glycosides;   Flavones and flavonols;    C17563  Multinoside A,NA,NA,Feature0156,C27H30O16,Rutin
cpd:C19796,Quercetin 3-O-rhamnoside 7-O-glucoside,C27H30O16,Flavone and flavonol biosynthesis,NA,Lipids [BR:br08002]; PK  Polyketides;  PK12 Flavonoids;   PK1211 Flavones and Flavonols;    C19796  Quercetin 3-O-rhamnoside 7-O-glucoside,2.4.1.-,R09804,Feature0156,C27H30O16,Rutin
cpd:C05625,"Rutin;3-[[6-O-(6-Deoxy-alpha-L-mannopyranosyl)-beta-D-glucopyranosyl]oxy]-2-(3,4-dihydroxyphenyl)-5,7-dihydroxy-4H-1-benzopyran-4-one;Quercetin 3-rutinoside;Rutoside;Phytomelin",C27H30O16,Flavone and flavonol biosynthesis;Metabolic pathways;Biosynthesis of secondary metabolites,NA,Lipids [BR:br08002]; PK  Polyketides;  PK12 Flavonoids;   PK1211 Flavones and Flavonols;    C05625  Rutin;Phytochemical compounds [BR:br08003]; Flavonoids;  Flavonoids;   Flavonols;    C05625  Rutin;Glycosides [BR:br08021]; O-glycosides;  Flavonoid glycosides;   Flavones and flavonols;    C05625  Rutin;Anatomical Therapeutic Chemical (ATC) classification [BR:br08303]; C CARDIOVASCULAR SYSTEM;  C05 VASOPROTECTIVES;   C05C CAPILLARY STABILIZING AGENTS;    C05CA Bioflavonoids;     C05CA01 Rutoside;      D08499  Rutoside (INN);Risk category of Japanese OTC drugs [BR:br08312]; Third-class OTC drugs;  Inorganic and organic chemicals;   Rutin;    D08499  Rutoside (INN),2.4.1.159;2.4.2.35;3.2.1.40,R04900 R06811 R13063,Feature0154,C27H30O16,Rutin
cpd:C10102,"Lucenin-2;Luteolin 6,8-di-C-glucoside",C27H30O16,NA,NA,Lipids [BR:br08002]; PK  Polyketides;  PK12 Flavonoids;   PK1211 Flavones and Flavonols;    C10102  Lucenin-2;Phytochemical compounds [BR:br08003]; Flavonoids;  Flavonoids;   Flavones;    C10102  Lucenin-2;Glycosides [BR:br08021]; C-glycosides;  C10102  Lucenin-2,NA,NA,Feature0154,C27H30O16,Rutin
cpd:C12634,Kaempferol 3-O-beta-D-glucosyl-(1->2)-beta-D-glucoside;Kaempferol 3-O-beta-D-sophoroside;Sophoraflavonoloside,C27H30O16,Flavone and flavonol biosynthesis;Biosynthesis of secondary metabolites,NA,Lipids [BR:br08002]; PK  Polyketides;  PK12 Flavonoids;   PK1211 Flavones and Flavonols;    C12634  Kaempferol 3-O-beta-D-glucosyl-(1->2)-beta-D-glucoside;Phytochemical compounds [BR:br08003]; Flavonoids;  Flavonoids;   Flavonols;    C12634  Kaempferol 3-O-beta-D-glucosyl-(1->2)-beta-D-glucoside,2.4.1.239;2.4.1.240,R06804 R06805,Feature0154,C27H30O16,Rutin
cpd:C16490,Kaempferol 3-O-beta-D-glucosylgalactoside,C27H30O16,Flavone and flavonol biosynthesis;Biosynthesis of secondary metabolites,NA,Lipids [BR:br08002]; PK  Polyketides;  PK12 Flavonoids;   PK1211 Flavones and Flavonols;    C16490  Kaempferol 3-O-beta-D-glucosylgalactoside;Phytochemical compounds [BR:br08003]; Flavonoids;  Flavonoids;   Flavonols;    C16490  Kaempferol 3-O-beta-D-glucosylgalactoside;Glycosides [BR:br08021]; O-glycosides;  Flavonoid glycosides;   Flavones and flavonols;    C16490  Kaempferol 3-O-beta-D-glucosylgalactoside,2.4.1.-,R08128,Feature0154,C27H30O16,Rutin
cpd:C17563,Multinoside A,C27H30O16,NA,NA,Lipids [BR:br08002]; PK  Polyketides;  PK12 Flavonoids;   PK1211 Flavones and Flavonols;    C17563  Multinoside A;Glycosides [BR:br08021]; O-glycosides;  Flavonoid glycosides;   Flavones and flavonols;    C17563  Multinoside A,NA,NA,Feature0154,C27H30O16,Rutin
cpd:C19796,Quercetin 3-O-rhamnoside 7-O-glucoside,C27H30O16,Flavone and flavonol biosynthesis,NA,Lipids [BR:br08002]; PK  Polyketides;  PK12 Flavonoids;   PK1211 Flavones and Flavonols;    C19796  Quercetin 3-O-rhamnoside 7-O-glucoside,2.4.1.-,R09804,Feature0154,C27H30O16,Rutin
cpd:C08632,Papyriferic acid,C35H56O8,NA,NA,Phytochemical compounds [BR:br08003]; Terpenoids;  Triterpenoids (C30);   Dammarenes;    C08632  Papyriferic acid,NA,NA,Feature0153,C35H56O8,Ziyuglycoside II
cpd:C08953,Hederagenin 3-O-arabinoside;Cauloside A,C35H56O8,NA,NA,Phytochemical compounds [BR:br08003]; Terpenoids;  Triterpenoids (C30);   Others;    C08953  Hederagenin 3-O-arabinoside;Glycosides [BR:br08021]; O-glycosides;  Saponins;   Triterpenoid;    C08953  Hederagenin 3-O-arabinoside,NA,NA,Feature0153,C35H56O8,Ziyuglycoside II
cpd:C12637,Quercetin 3-O-[beta-D-xylosyl-(1->2)-beta-D-glucoside],C26H28O16,Flavone and flavonol biosynthesis,NA,Lipids [BR:br08002]; PK  Polyketides;  PK12 Flavonoids;   PK1211 Flavones and Flavonols;    C12637  Quercetin 3-O-[beta-D-xylosyl-(1->2)-beta-D-glucoside],2.4.2.35,R06814,Feature0146,C26H28O16,"2-(3,4-Dihydroxyphenyl)-5,7-dihydroxy-4-oxo-4H-chromen-3-yl 6-O-β-D-xylopyranosyl-β-D-glucopyranoside"
cpd:C12637,Quercetin 3-O-[beta-D-xylosyl-(1->2)-beta-D-glucoside],C26H28O16,Flavone and flavonol biosynthesis,NA,Lipids [BR:br08002]; PK  Polyketides;  PK12 Flavonoids;   PK1211 Flavones and Flavonols;    C12637  Quercetin 3-O-[beta-D-xylosyl-(1->2)-beta-D-glucoside],2.4.2.35,R06814,Feature0145,C26H28O16,"2-(3,4-Dihydroxyphenyl)-5,7-dihydroxy-4-oxo-4H-chromen-3-yl 6-O-β-D-xylopyranosyl-β-D-glucopyranoside"
cpd:C03870,Isoorientin 2''-O-rhamnoside,C27H30O15,NA,NA,Lipids [BR:br08002]; PK  Polyketides;  PK12 Flavonoids;   PK1211 Flavones and Flavonols;    C03870  Isoorientin 2''-O-rhamnoside;Phytochemical compounds [BR:br08003]; Flavonoids;  Flavonoids;   Flavones;    C03870  Isoorientin 2''-O-rhamnoside;Glycosides [BR:br08021]; C-glycosides;  C03870  Isoorientin 2''-O-rhamnoside,NA,NA,Feature0141,C27H30O15,"5,7-Dihydroxy-2-(4-hydroxyphenyl)-4-oxo-4H-chromen-3-yl 6-O-(6-deoxyhexopyranosyl)hexopyranoside"
cpd:C04024,Vitexin 2''-O-beta-D-glucoside;Flavosativaside;2''-O-Glucosylvitexin,C27H30O15,Flavone and flavonol biosynthesis,NA,Lipids [BR:br08002]; PK  Polyketides;  PK12 Flavonoids;   PK1211 Flavones and Flavonols;    C04024  Vitexin 2''-O-beta-D-glucoside;Phytochemical compounds [BR:br08003]; Flavonoids;  Flavonoids;   Flavones;    C04024  Vitexin 2''-O-beta-D-glucoside;Glycosides [BR:br08021]; C-glycosides;  C04024  Vitexin 2''-O-beta-D-glucoside,2.4.1.105,R03565,Feature0141,C27H30O15,"5,7-Dihydroxy-2-(4-hydroxyphenyl)-4-oxo-4H-chromen-3-yl 6-O-(6-deoxyhexopyranosyl)hexopyranoside"
cpd:C04199,Isovitexin 2''-O-beta-D-glucoside;Meloside A,C27H30O15,Flavone and flavonol biosynthesis,NA,Lipids [BR:br08002]; PK  Polyketides;  PK12 Flavonoids;   PK1211 Flavones and Flavonols;    C04199  Isovitexin 2''-O-beta-D-glucoside;Glycosides [BR:br08021]; C-glycosides;  C04199  Isovitexin 2''-O-beta-D-glucoside,2.4.1.106,R03686,Feature0141,C27H30O15,"5,7-Dihydroxy-2-(4-hydroxyphenyl)-4-oxo-4H-chromen-3-yl 6-O-(6-deoxyhexopyranosyl)hexopyranoside"
cpd:C08064,Saponarin;Isovitexin-7-O-beta-D-glucopyranoside,C27H30O15,NA,NA,Lipids [BR:br08002]; PK  Polyketides;  PK12 Flavonoids;   PK1211 Flavones and Flavonols;    C08064  Saponarin;Phytochemical compounds [BR:br08003]; Flavonoids;  Flavonoids;   Flavones;    C08064  Saponarin;Glycosides [BR:br08021]; C-glycosides;  C08064  Saponarin,NA,NA,Feature0141,C27H30O15,"5,7-Dihydroxy-2-(4-hydroxyphenyl)-4-oxo-4H-chromen-3-yl 6-O-(6-deoxyhexopyranosyl)hexopyranoside"
cpd:C10195,"Vicenin-2;Apigenin-6,8-di-C-glycoside;5,7,4'-Trihydroxyflavone-6,8-di-C-glucoside",C27H30O15,NA,NA,Lipids [BR:br08002]; PK  Polyketides;  PK12 Flavonoids;   PK1211 Flavones and Flavonols;    C10195  Vicenin-2;Phytochemical compounds [BR:br08003]; Flavonoids;  Flavonoids;   Flavones;    C10195  Vicenin-2;Glycosides [BR:br08021]; C-glycosides;  C10195  Vicenin-2,NA,NA,Feature0141,C27H30O15,"5,7-Dihydroxy-2-(4-hydroxyphenyl)-4-oxo-4H-chromen-3-yl 6-O-(6-deoxyhexopyranosyl)hexopyranoside"
cpd:C10513,Paniculatin,C27H30O15,NA,NA,Lipids [BR:br08002]; PK  Polyketides;  PK12 Flavonoids;   PK1205 Isoflavonoids;    C10513  Paniculatin;Phytochemical compounds [BR:br08003]; Flavonoids;  Isoflavonoids;   Isoflavones;    C10513  Paniculatin;Glycosides [BR:br08021]; C-glycosides;  C10513  Paniculatin,NA,NA,Feature0141,C27H30O15,"5,7-Dihydroxy-2-(4-hydroxyphenyl)-4-oxo-4H-chromen-3-yl 6-O-(6-deoxyhexopyranosyl)hexopyranoside"
cpd:C12630,Scolymoside;Luteolin 7-O-neohesperidoside;Veronicastroside,C27H30O15,Flavone and flavonol biosynthesis,NA,Lipids [BR:br08002]; PK  Polyketides;  PK12 Flavonoids;   PK1211 Flavones and Flavonols;    C12630  Luteolin 7-O-neohesperidoside;Phytochemical compounds [BR:br08003]; Flavonoids;  Flavonoids;   Flavones;    C12630  Scolymoside;Glycosides [BR:br08021]; O-glycosides;  Flavonoid glycosides;   Flavones and flavonols;    C12630  Scolymoside,2.4.1.236,R06829,Feature0141,C27H30O15,"5,7-Dihydroxy-2-(4-hydroxyphenyl)-4-oxo-4H-chromen-3-yl 6-O-(6-deoxyhexopyranosyl)hexopyranoside"
cpd:C17600,Multiflorin B,C27H30O15,NA,NA,Lipids [BR:br08002]; PK  Polyketides;  PK12 Flavonoids;   PK1211 Flavones and Flavonols;    C17600  Multiflorin B;Glycosides [BR:br08021]; O-glycosides;  Flavonoid glycosides;   Flavones and flavonols;    C17600  Multiflorin B,NA,NA,Feature0141,C27H30O15,"5,7-Dihydroxy-2-(4-hydroxyphenyl)-4-oxo-4H-chromen-3-yl 6-O-(6-deoxyhexopyranosyl)hexopyranoside"
cpd:C21833,Kaempferol-3-O-rutinoside;Nictoflorin,C27H30O15,Flavone and flavonol biosynthesis;Biosynthesis of secondary metabolites,NA,Lipids [BR:br08002]; PK  Polyketides;  PK12 Flavonoids;   PK1211 Flavones and Flavonols;    C21833  Kaempferol-3-O-rutinoside,2.4.1.159,R12046,Feature0141,C27H30O15,"5,7-Dihydroxy-2-(4-hydroxyphenyl)-4-oxo-4H-chromen-3-yl 6-O-(6-deoxyhexopyranosyl)hexopyranoside"
cpd:C21854,Kaempferol 3-O-rhamnoside-7-O-glucoside,C27H30O15,Flavone and flavonol biosynthesis,NA,Lipids [BR:br08002]; PK  Polyketides;  PK12 Flavonoids;   PK1211 Flavones and Flavonols;    C21854  Kaempferol 3-O-rhamnoside-7-O-glucoside,2.4.1.-,R12047,Feature0141,C27H30O15,"5,7-Dihydroxy-2-(4-hydroxyphenyl)-4-oxo-4H-chromen-3-yl 6-O-(6-deoxyhexopyranosyl)hexopyranoside"
cpd:C17140,Tribuloside,C30H26O13,NA,NA,Lipids [BR:br08002]; PK  Polyketides;  PK12 Flavonoids;   PK1211 Flavones and Flavonols;    C17140  Tribuloside;Glycosides [BR:br08021]; O-glycosides;  Flavonoid glycosides;   Flavones and flavonols;    C17140  Tribuloside,NA,NA,Feature0138,C30H26O13,tiliroside
cpd:C10026,Carlinoside,C26H28O15,NA,NA,Lipids [BR:br08002]; PK  Polyketides;  PK12 Flavonoids;   PK1211 Flavones and Flavonols;    C10026  Carlinoside;Phytochemical compounds [BR:br08003]; Flavonoids;  Flavonoids;   Flavones;    C10026  Carlinoside;Glycosides [BR:br08021]; C-glycosides;  C10026  Carlinoside,NA,NA,Feature0125,C26H28O15,NP-002737
cpd:C10109,Neocarlinoside,C26H28O15,NA,NA,Lipids [BR:br08002]; PK  Polyketides;  PK12 Flavonoids;   PK1211 Flavones and Flavonols;    C10109  Neocarlinoside;Phytochemical compounds [BR:br08003]; Flavonoids;  Flavonoids;   Flavones;    C10109  Neocarlinoside;Glycosides [BR:br08021]; C-glycosides;  C10109  Neocarlinoside,NA,NA,Feature0125,C26H28O15,NP-002737
cpd:C10221,Epicatechin-(4beta->8)-ent-epicatechin,C30H26O12,NA,NA,Lipids [BR:br08002]; PK  Polyketides;  PK12 Flavonoids;   PK1203 Proanthocyanidins;    C10221  Epicatechin-(4beta->8)-ent-epicatechin;Phytochemical compounds [BR:br08003]; Flavonoids;  Complex flavonoids;   Proanthocyanidins;    C10221  Epicatechin-(4beta->8)-ent-epicatechin,NA,NA,Feature0117,C30H26O12,(+)-Procyanidin B2
cpd:C10238,Procyanidin B4;Catechin-(4alpha->8)-epicatechin,C30H26O12,NA,NA,Lipids [BR:br08002]; PK  Polyketides;  PK12 Flavonoids;   PK1203 Proanthocyanidins;    C10238  Procyanidin B4;Phytochemical compounds [BR:br08003]; Flavonoids;  Complex flavonoids;   Proanthocyanidins;    C10238  Procyanidin B4,NA,NA,Feature0117,C30H26O12,(+)-Procyanidin B2
cpd:C17639,Procyanidin B2;Procyanidol B2,C30H26O12,NA,NA,Lipids [BR:br08002]; PK  Polyketides;  PK12 Flavonoids;   PK1203 Proanthocyanidins;    C17639  Procyanidin B2,NA,NA,Feature0117,C30H26O12,(+)-Procyanidin B2
cpd:C17640,Procyanidin B5;Procyanidol B5,C30H26O12,NA,NA,Lipids [BR:br08002]; PK  Polyketides;  PK12 Flavonoids;   PK1203 Proanthocyanidins;    C17640  Procyanidin B5,NA,NA,Feature0117,C30H26O12,(+)-Procyanidin B2
cpd:C10221,Epicatechin-(4beta->8)-ent-epicatechin,C30H26O12,NA,NA,Lipids [BR:br08002]; PK  Polyketides;  PK12 Flavonoids;   PK1203 Proanthocyanidins;    C10221  Epicatechin-(4beta->8)-ent-epicatechin;Phytochemical compounds [BR:br08003]; Flavonoids;  Complex flavonoids;   Proanthocyanidins;    C10221  Epicatechin-(4beta->8)-ent-epicatechin,NA,NA,Feature0115,C30H26O12,(+)-Procyanidin B2
cpd:C10238,Procyanidin B4;Catechin-(4alpha->8)-epicatechin,C30H26O12,NA,NA,Lipids [BR:br08002]; PK  Polyketides;  PK12 Flavonoids;   PK1203 Proanthocyanidins;    C10238  Procyanidin B4;Phytochemical compounds [BR:br08003]; Flavonoids;  Complex flavonoids;   Proanthocyanidins;    C10238  Procyanidin B4,NA,NA,Feature0115,C30H26O12,(+)-Procyanidin B2
cpd:C17639,Procyanidin B2;Procyanidol B2,C30H26O12,NA,NA,Lipids [BR:br08002]; PK  Polyketides;  PK12 Flavonoids;   PK1203 Proanthocyanidins;    C17639  Procyanidin B2,NA,NA,Feature0115,C30H26O12,(+)-Procyanidin B2
cpd:C17640,Procyanidin B5;Procyanidol B5,C30H26O12,NA,NA,Lipids [BR:br08002]; PK  Polyketides;  PK12 Flavonoids;   PK1203 Proanthocyanidins;    C17640  Procyanidin B5,NA,NA,Feature0115,C30H26O12,(+)-Procyanidin B2
cpd:C10237,"Proanthocyanidin A2;Epicatechin-(2beta->7,4beta->8)-epicatechin",C30H24O12,NA,NA,Phytochemical compounds [BR:br08003]; Flavonoids;  Complex flavonoids;   Proanthocyanidins;    C10237  Proanthocyanidin A2,NA,NA,Feature0113,C30H24O12,Procyanidin A2
cpd:C04858,"Apigenin 7-O-[beta-D-apiosyl-(1->2)-beta-D-glucoside];7-O-(beta-D-Apiofuranosyl-1,2-beta-D-glucosyl)-5,7,4'-trihydroxyflavone;Apiin;7-[(2-O-D-Apio-beta-D-furanosyl-beta-D-glucopyranosyl)oxy]-5-hydroxy-2-(4-hydroxy-phenyl)-4H-1-benzopyran-4-one;Apioside",C26H28O14,Flavone and flavonol biosynthesis,NA,Lipids [BR:br08002]; PK  Polyketides;  PK12 Flavonoids;   PK1211 Flavones and Flavonols;    C04858  Apigenin 7-O-[beta-D-apiosyl-(1->2)-beta-D-glucoside];Phytochemical compounds [BR:br08003]; Flavonoids;  Flavonoids;   Flavones;    C04858  Apigenin 7-O-[beta-D-apiosyl-(1->2)-beta-D-glucoside];Glycosides [BR:br08021]; O-glycosides;  Flavonoid glycosides;   Flavones and flavonols;    C04858  Apigenin 7-O-[beta-D-apiosyl-(1->2)-beta-D-glucoside],2.3.1.115;2.4.2.25,R04526 R04618,Feature0109,C26H28O14,NP-013098
cpd:C10110,Neoschaftoside,C26H28O14,NA,NA,Lipids [BR:br08002]; PK  Polyketides;  PK12 Flavonoids;   PK1211 Flavones and Flavonols;    C10110  Neoschaftoside;Phytochemical compounds [BR:br08003]; Flavonoids;  Flavonoids;   Flavones;    C10110  Neoschaftoside;Glycosides [BR:br08021]; C-glycosides;  C10110  Neoschaftoside,NA,NA,Feature0109,C26H28O14,NP-013098
cpd:C10181,Schaftoside,C26H28O14,NA,NA,Lipids [BR:br08002]; PK  Polyketides;  PK12 Flavonoids;   PK1211 Flavones and Flavonols;    C10181  Schaftoside;Phytochemical compounds [BR:br08003]; Flavonoids;  Flavonoids;   Flavones;    C10181  Schaftoside;Glycosides [BR:br08021]; C-glycosides;  C10181  Schaftoside,NA,NA,Feature0109,C26H28O14,NP-013098
cpd:C16491,Isovitexin 2''-O-arabinoside,C26H28O14,NA,NA,Lipids [BR:br08002]; PK  Polyketides;  PK12 Flavonoids;   PK1211 Flavones and Flavonols;    C16491  Isovitexin 2''-O-arabinoside;Glycosides [BR:br08021]; C-glycosides;  C16491  Isovitexin 2''-O-arabinoside,NA,R08126,Feature0109,C26H28O14,NP-013098
cpd:C16803,Glucofrangulin B,C26H28O14,NA,NA,Lipids [BR:br08002]; PK  Polyketides;  PK13 Aromatic polyketides;   PK1304 Anthracenes and phenanthrenes;    C16803  Glucofrangulin B;Phytochemical compounds [BR:br08003]; Polyketides;  Anthraquinones;   Anthraquinone type;    C16803  Glucofrangulin B;Glycosides [BR:br08021]; O-glycosides;  Anthraquinone glycosides;   C16803  Glucofrangulin B,NA,NA,Feature0109,C26H28O14,NP-013098
cpd:C08617,Asiatic acid,C30H48O5,NA,NA,"Lipids [BR:br08002]; PR  Prenol lipids;  PR01 Isoprenoids;   PR0106 C30 isoprenoids (triterpenes);    PR010618 Taraxastane, ursane and bauerane triterpenoids;     C08617  Asiatic acid;Phytochemical compounds [BR:br08003]; Terpenoids;  Triterpenoids (C30);   Ursanes;    C08617  Asiatic acid",NA,NA,Feature0063,C30H48O5,"(2α,3β,19α)-2,3,19-Trihydroxyolean-12-en-28-oic acid"
cpd:C17538,Cimigenol,C30H48O5,NA,NA,Lipids [BR:br08002]; ST  Sterol lipids;  ST01 Sterols;   ST0110 Cycloartanols and derivatives;    C17538  Cimigenol;Phytochemical compounds [BR:br08003]; Terpenoids;  Triterpenoids (C30);   Protostanes;    C17538  Cimigenol,NA,NA,Feature0063,C30H48O5,"(2α,3β,19α)-2,3,19-Trihydroxyolean-12-en-28-oic acid"
cpd:C17841,Dahurinol,C30H48O5,NA,NA,NA,NA,NA,Feature0063,C30H48O5,"(2α,3β,19α)-2,3,19-Trihydroxyolean-12-en-28-oic acid"
cpd:C17890,Euscaphic acid,C30H48O5,NA,NA,Phytochemical compounds [BR:br08003]; Terpenoids;  Triterpenoids (C30);   Ursanes;    C17890  Euscaphic acid,NA,NA,Feature0063,C30H48O5,"(2α,3β,19α)-2,3,19-Trihydroxyolean-12-en-28-oic acid"
cpd:C08617,Asiatic acid,C30H48O5,NA,NA,"Lipids [BR:br08002]; PR  Prenol lipids;  PR01 Isoprenoids;   PR0106 C30 isoprenoids (triterpenes);    PR010618 Taraxastane, ursane and bauerane triterpenoids;     C08617  Asiatic acid;Phytochemical compounds [BR:br08003]; Terpenoids;  Triterpenoids (C30);   Ursanes;    C08617  Asiatic acid",NA,NA,Feature0062,C30H48O5,Asiatic acid
cpd:C17538,Cimigenol,C30H48O5,NA,NA,Lipids [BR:br08002]; ST  Sterol lipids;  ST01 Sterols;   ST0110 Cycloartanols and derivatives;    C17538  Cimigenol;Phytochemical compounds [BR:br08003]; Terpenoids;  Triterpenoids (C30);   Protostanes;    C17538  Cimigenol,NA,NA,Feature0062,C30H48O5,Asiatic acid
cpd:C17841,Dahurinol,C30H48O5,NA,NA,NA,NA,NA,Feature0062,C30H48O5,Asiatic acid
cpd:C17890,Euscaphic acid,C30H48O5,NA,NA,Phytochemical compounds [BR:br08003]; Terpenoids;  Triterpenoids (C30);   Ursanes;    C17890  Euscaphic acid,NA,NA,Feature0062,C30H48O5,Asiatic acid
cpd:C08972,Quillaic acid,C30H46O5,NA,NA,Lipids [BR:br08002]; PR  Prenol lipids;  PR01 Isoprenoids;   PR0106 C30 isoprenoids (triterpenes);    PR010615 Oleanane triterpenoids;     C08972  Quillaic acid;Phytochemical compounds [BR:br08003]; Terpenoids;  Triterpenoids (C30);   Oleananes;    C08972  Quillaic acid,NA,NA,Feature0061,C30H46O5,Quillaic Acid
cpd:C17461,Alisol C,C30H46O5,NA,NA,Phytochemical compounds [BR:br08003]; Terpenoids;  Triterpenoids (C30);   Protostanes;    C17461  Alisol C,NA,NA,Feature0061,C30H46O5,Quillaic Acid
cpd:C17764,Glabric acid,C30H46O5,NA,NA,NA,NA,NA,Feature0061,C30H46O5,Quillaic Acid
cpd:C17842,Acerinol,C30H46O5,NA,NA,NA,NA,NA,Feature0061,C30H46O5,Quillaic Acid
cpd:C08972,Quillaic acid,C30H46O5,NA,NA,Lipids [BR:br08002]; PR  Prenol lipids;  PR01 Isoprenoids;   PR0106 C30 isoprenoids (triterpenes);    PR010615 Oleanane triterpenoids;     C08972  Quillaic acid;Phytochemical compounds [BR:br08003]; Terpenoids;  Triterpenoids (C30);   Oleananes;    C08972  Quillaic acid,NA,NA,Feature0060,C30H46O5,Quillaic Acid
cpd:C17461,Alisol C,C30H46O5,NA,NA,Phytochemical compounds [BR:br08003]; Terpenoids;  Triterpenoids (C30);   Protostanes;    C17461  Alisol C,NA,NA,Feature0060,C30H46O5,Quillaic Acid
cpd:C17764,Glabric acid,C30H46O5,NA,NA,NA,NA,NA,Feature0060,C30H46O5,Quillaic Acid
cpd:C17842,Acerinol,C30H46O5,NA,NA,NA,NA,NA,Feature0060,C30H46O5,Quillaic Acid
cpd:C10051,Gossypetin 8-O-glucoside;Gossypin,C21H20O13,NA,NA,Lipids [BR:br08002]; PK  Polyketides;  PK12 Flavonoids;   PK1211 Flavones and Flavonols;    C10051  Gossypetin 8-O-glucoside;Glycosides [BR:br08021]; O-glycosides;  Flavonoid glycosides;   Flavones and flavonols;    C10051  Gossypin,NA,NA,Feature0057,C21H20O13,myricetin 3-O-beta-D-galactopyranoside
cpd:C17514,4-o-Galloylbergenin,C21H20O13,NA,NA,NA,NA,NA,Feature0057,C21H20O13,myricetin 3-O-beta-D-galactopyranoside
cpd:C17520,11-o-Galloylbergenin,C21H20O13,NA,NA,NA,NA,NA,Feature0057,C21H20O13,myricetin 3-O-beta-D-galactopyranoside
cpd:C17531,Plantagoside,C21H22O12,NA,NA,Lipids [BR:br08002]; PK  Polyketides;  PK12 Flavonoids;   PK1214 Flavanones;    C17531  Plantagoside;Glycosides [BR:br08021]; O-glycosides;  Flavonoid glycosides;   Flavanones;    C17531  Plantagoside,NA,NA,Feature0050,C21H22O12,Plantagoside
cpd:C05623,"Quercetin 3-O-glucoside;Isoquercitrin;2-(3,4-Dihidroxyphenyl)-3-(beta-D-glucofuranosyloxy)-5,7-dihydroxy-4H-1-benzopyran-4-one;Isotrifoliin",C21H20O12,Flavone and flavonol biosynthesis;Metabolic pathways;Biosynthesis of secondary metabolites,NA,Lipids [BR:br08002]; PK  Polyketides;  PK12 Flavonoids;   PK1211 Flavones and Flavonols;    C05623  Quercetin 3-O-glucoside;Phytochemical compounds [BR:br08003]; Flavonoids;  Flavonoids;   Flavonols;    C05623  Quercetin 3-O-glucoside;Glycosides [BR:br08021]; O-glycosides;  Flavonoid glycosides;   Flavones and flavonols;    C05623  Quercetin 3-O-glucoside,2.3.1.116;2.4.1.91;2.4.1.159;2.4.1.239;2.4.2.35;3.2.1.21;3.2.1.40,R02158 R04900 R06797 R06812 R06814 R13063 R13065,Feature0047,C21H20O12,Myricitrin
cpd:C10050,Gossypetin 8-rhamnoside,C21H20O12,NA,NA,Lipids [BR:br08002]; PK  Polyketides;  PK12 Flavonoids;   PK1211 Flavones and Flavonols;    C10050  Gossypetin 8-rhamnoside;Phytochemical compounds [BR:br08003]; Flavonoids;  Flavonoids;   Flavonols;    C10050  Gossypetin 8-rhamnoside;Glycosides [BR:br08021]; O-glycosides;  Flavonoid glycosides;   Flavones and flavonols;    C10050  Gossypetin 8-rhamnoside,NA,NA,Feature0047,C21H20O12,Myricitrin
cpd:C10073,Hyperin;Quercetin 3-galactoside,C21H20O12,NA,NA,Lipids [BR:br08002]; PK  Polyketides;  PK12 Flavonoids;   PK1211 Flavones and Flavonols;    C10073  Hyperin;Phytochemical compounds [BR:br08003]; Flavonoids;  Flavonoids;   Flavonols;    C10073  Hyperin;Glycosides [BR:br08021]; O-glycosides;  Flavonoid glycosides;   Flavones and flavonols;    C10073  Hyperin,NA,NA,Feature0047,C21H20O12,Myricitrin
cpd:C10108,Myricitrin;Myricetin 3-O-rhamnoside,C21H20O12,NA,NA,Lipids [BR:br08002]; PK  Polyketides;  PK12 Flavonoids;   PK1211 Flavones and Flavonols;    C10108  Myricitrin;Phytochemical compounds [BR:br08003]; Flavonoids;  Flavonoids;   Flavonols;    C10108  Myricitrin;Glycosides [BR:br08021]; O-glycosides;  Flavonoid glycosides;   Flavones and flavonols;    C10108  Myricitrin,NA,NA,Feature0047,C21H20O12,Myricitrin
cpd:C12639,Quercimeritrin;Quercetin 7-O-beta-D-glucoside,C21H20O12,NA,NA,Lipids [BR:br08002]; PK  Polyketides;  PK12 Flavonoids;   PK1211 Flavones and Flavonols;    C12639  Quercetin 7-O-beta-D-glucoside;Phytochemical compounds [BR:br08003]; Flavonoids;  Flavonoids;   Flavonols;    C12639  Quercimeritrin;Glycosides [BR:br08021]; O-glycosides;  Flavonoid glycosides;   Flavones and flavonols;    C12639  Quercimeritrin,2.4.1.237,R06810,Feature0047,C21H20O12,Myricitrin
cpd:C16410,Bracteatin 6-O-glucoside;Bracteatin 6-O-beta-D-glucoside,C21H20O12,Flavonoid biosynthesis;Biosynthesis of secondary metabolites,NA,Lipids [BR:br08002]; PK  Polyketides;  PK12 Flavonoids;   PK1213 Aurone flavonoids;    C16410  Bracteatin 6-O-glucoside;Phytochemical compounds [BR:br08003]; Flavonoids;  Flavonoids;   Aurones;    C16410  Bracteatin 6-O-glucoside,1.21.3.6,R08009,Feature0047,C21H20O12,Myricitrin
cpd:C17763,6-Hydroxyluteolin 7-glucoside,C21H20O12,NA,NA,Lipids [BR:br08002]; PK  Polyketides;  PK12 Flavonoids;   PK1211 Flavones and Flavonols;    C17763  6-Hydroxyluteolin 7-glucoside,NA,NA,Feature0047,C21H20O12,Myricitrin
cpd:C05623,"Quercetin 3-O-glucoside;Isoquercitrin;2-(3,4-Dihidroxyphenyl)-3-(beta-D-glucofuranosyloxy)-5,7-dihydroxy-4H-1-benzopyran-4-one;Isotrifoliin",C21H20O12,Flavone and flavonol biosynthesis;Metabolic pathways;Biosynthesis of secondary metabolites,NA,Lipids [BR:br08002]; PK  Polyketides;  PK12 Flavonoids;   PK1211 Flavones and Flavonols;    C05623  Quercetin 3-O-glucoside;Phytochemical compounds [BR:br08003]; Flavonoids;  Flavonoids;   Flavonols;    C05623  Quercetin 3-O-glucoside;Glycosides [BR:br08021]; O-glycosides;  Flavonoid glycosides;   Flavones and flavonols;    C05623  Quercetin 3-O-glucoside,2.3.1.116;2.4.1.91;2.4.1.159;2.4.1.239;2.4.2.35;3.2.1.21;3.2.1.40,R02158 R04900 R06797 R06812 R06814 R13063 R13065,Feature0046,C21H20O12,Quercetin-3β-D-glucoside
cpd:C10050,Gossypetin 8-rhamnoside,C21H20O12,NA,NA,Lipids [BR:br08002]; PK  Polyketides;  PK12 Flavonoids;   PK1211 Flavones and Flavonols;    C10050  Gossypetin 8-rhamnoside;Phytochemical compounds [BR:br08003]; Flavonoids;  Flavonoids;   Flavonols;    C10050  Gossypetin 8-rhamnoside;Glycosides [BR:br08021]; O-glycosides;  Flavonoid glycosides;   Flavones and flavonols;    C10050  Gossypetin 8-rhamnoside,NA,NA,Feature0046,C21H20O12,Quercetin-3β-D-glucoside
cpd:C10073,Hyperin;Quercetin 3-galactoside,C21H20O12,NA,NA,Lipids [BR:br08002]; PK  Polyketides;  PK12 Flavonoids;   PK1211 Flavones and Flavonols;    C10073  Hyperin;Phytochemical compounds [BR:br08003]; Flavonoids;  Flavonoids;   Flavonols;    C10073  Hyperin;Glycosides [BR:br08021]; O-glycosides;  Flavonoid glycosides;   Flavones and flavonols;    C10073  Hyperin,NA,NA,Feature0046,C21H20O12,Quercetin-3β-D-glucoside
cpd:C10108,Myricitrin;Myricetin 3-O-rhamnoside,C21H20O12,NA,NA,Lipids [BR:br08002]; PK  Polyketides;  PK12 Flavonoids;   PK1211 Flavones and Flavonols;    C10108  Myricitrin;Phytochemical compounds [BR:br08003]; Flavonoids;  Flavonoids;   Flavonols;    C10108  Myricitrin;Glycosides [BR:br08021]; O-glycosides;  Flavonoid glycosides;   Flavones and flavonols;    C10108  Myricitrin,NA,NA,Feature0046,C21H20O12,Quercetin-3β-D-glucoside
cpd:C12639,Quercimeritrin;Quercetin 7-O-beta-D-glucoside,C21H20O12,NA,NA,Lipids [BR:br08002]; PK  Polyketides;  PK12 Flavonoids;   PK1211 Flavones and Flavonols;    C12639  Quercetin 7-O-beta-D-glucoside;Phytochemical compounds [BR:br08003]; Flavonoids;  Flavonoids;   Flavonols;    C12639  Quercimeritrin;Glycosides [BR:br08021]; O-glycosides;  Flavonoid glycosides;   Flavones and flavonols;    C12639  Quercimeritrin,2.4.1.237,R06810,Feature0046,C21H20O12,Quercetin-3β-D-glucoside
cpd:C16410,Bracteatin 6-O-glucoside;Bracteatin 6-O-beta-D-glucoside,C21H20O12,Flavonoid biosynthesis;Biosynthesis of secondary metabolites,NA,Lipids [BR:br08002]; PK  Polyketides;  PK12 Flavonoids;   PK1213 Aurone flavonoids;    C16410  Bracteatin 6-O-glucoside;Phytochemical compounds [BR:br08003]; Flavonoids;  Flavonoids;   Aurones;    C16410  Bracteatin 6-O-glucoside,1.21.3.6,R08009,Feature0046,C21H20O12,Quercetin-3β-D-glucoside
cpd:C17763,6-Hydroxyluteolin 7-glucoside,C21H20O12,NA,NA,Lipids [BR:br08002]; PK  Polyketides;  PK12 Flavonoids;   PK1211 Flavones and Flavonols;    C17763  6-Hydroxyluteolin 7-glucoside,NA,NA,Feature0046,C21H20O12,Quercetin-3β-D-glucoside
cpd:C05623,"Quercetin 3-O-glucoside;Isoquercitrin;2-(3,4-Dihidroxyphenyl)-3-(beta-D-glucofuranosyloxy)-5,7-dihydroxy-4H-1-benzopyran-4-one;Isotrifoliin",C21H20O12,Flavone and flavonol biosynthesis;Metabolic pathways;Biosynthesis of secondary metabolites,NA,Lipids [BR:br08002]; PK  Polyketides;  PK12 Flavonoids;   PK1211 Flavones and Flavonols;    C05623  Quercetin 3-O-glucoside;Phytochemical compounds [BR:br08003]; Flavonoids;  Flavonoids;   Flavonols;    C05623  Quercetin 3-O-glucoside;Glycosides [BR:br08021]; O-glycosides;  Flavonoid glycosides;   Flavones and flavonols;    C05623  Quercetin 3-O-glucoside,2.3.1.116;2.4.1.91;2.4.1.159;2.4.1.239;2.4.2.35;3.2.1.21;3.2.1.40,R02158 R04900 R06797 R06812 R06814 R13063 R13065,Feature0045,C21H20O12,Myricitrin
cpd:C10050,Gossypetin 8-rhamnoside,C21H20O12,NA,NA,Lipids [BR:br08002]; PK  Polyketides;  PK12 Flavonoids;   PK1211 Flavones and Flavonols;    C10050  Gossypetin 8-rhamnoside;Phytochemical compounds [BR:br08003]; Flavonoids;  Flavonoids;   Flavonols;    C10050  Gossypetin 8-rhamnoside;Glycosides [BR:br08021]; O-glycosides;  Flavonoid glycosides;   Flavones and flavonols;    C10050  Gossypetin 8-rhamnoside,NA,NA,Feature0045,C21H20O12,Myricitrin
cpd:C10073,Hyperin;Quercetin 3-galactoside,C21H20O12,NA,NA,Lipids [BR:br08002]; PK  Polyketides;  PK12 Flavonoids;   PK1211 Flavones and Flavonols;    C10073  Hyperin;Phytochemical compounds [BR:br08003]; Flavonoids;  Flavonoids;   Flavonols;    C10073  Hyperin;Glycosides [BR:br08021]; O-glycosides;  Flavonoid glycosides;   Flavones and flavonols;    C10073  Hyperin,NA,NA,Feature0045,C21H20O12,Myricitrin
cpd:C10108,Myricitrin;Myricetin 3-O-rhamnoside,C21H20O12,NA,NA,Lipids [BR:br08002]; PK  Polyketides;  PK12 Flavonoids;   PK1211 Flavones and Flavonols;    C10108  Myricitrin;Phytochemical compounds [BR:br08003]; Flavonoids;  Flavonoids;   Flavonols;    C10108  Myricitrin;Glycosides [BR:br08021]; O-glycosides;  Flavonoid glycosides;   Flavones and flavonols;    C10108  Myricitrin,NA,NA,Feature0045,C21H20O12,Myricitrin
cpd:C12639,Quercimeritrin;Quercetin 7-O-beta-D-glucoside,C21H20O12,NA,NA,Lipids [BR:br08002]; PK  Polyketides;  PK12 Flavonoids;   PK1211 Flavones and Flavonols;    C12639  Quercetin 7-O-beta-D-glucoside;Phytochemical compounds [BR:br08003]; Flavonoids;  Flavonoids;   Flavonols;    C12639  Quercimeritrin;Glycosides [BR:br08021]; O-glycosides;  Flavonoid glycosides;   Flavones and flavonols;    C12639  Quercimeritrin,2.4.1.237,R06810,Feature0045,C21H20O12,Myricitrin
cpd:C16410,Bracteatin 6-O-glucoside;Bracteatin 6-O-beta-D-glucoside,C21H20O12,Flavonoid biosynthesis;Biosynthesis of secondary metabolites,NA,Lipids [BR:br08002]; PK  Polyketides;  PK12 Flavonoids;   PK1213 Aurone flavonoids;    C16410  Bracteatin 6-O-glucoside;Phytochemical compounds [BR:br08003]; Flavonoids;  Flavonoids;   Aurones;    C16410  Bracteatin 6-O-glucoside,1.21.3.6,R08009,Feature0045,C21H20O12,Myricitrin
cpd:C17763,6-Hydroxyluteolin 7-glucoside,C21H20O12,NA,NA,Lipids [BR:br08002]; PK  Polyketides;  PK12 Flavonoids;   PK1211 Flavones and Flavonols;    C17763  6-Hydroxyluteolin 7-glucoside,NA,NA,Feature0045,C21H20O12,Myricitrin
cpd:C17858,Atractyloside A,C21H36O10,NA,NA,NA,NA,NA,Feature0038,C21H36O10,"(6,6-Dimethylbicyclo[3.1.1]hept-2-yl)methyl 6-O-[(2R,3R,4R)-3,4-dihydroxy-4-(hydroxymethyl)tetrahydro-2-furanyl]-β-D-glucopyranoside"
cpd:C01750,Quercitrin;Quercetin 3-L-rhamnoside;Quercetin 3-O-alpha-L-rhamnopyranoside,C21H20O11,Flavone and flavonol biosynthesis,NA,Lipids [BR:br08002]; PK  Polyketides;  PK12 Flavonoids;   PK1211 Flavones and Flavonols;    C01750  Quercitrin;Phytochemical compounds [BR:br08003]; Flavonoids;  Flavonoids;   Flavonols;    C01750  Quercitrin;Glycosides [BR:br08021]; O-glycosides;  Flavonoid glycosides;   Flavones and flavonols;    C01750  Quercitrin,2.4.1.-;3.2.1.40,R02436 R09803 R09804,Feature0036,C21H20O11,"(1ξ)-1,5-Anhydro-1-[2-(3,4-dihydroxyphenyl)-5,7-dihydroxy-4-oxo-4H-chromen-8-yl]-D-galactitol"
cpd:C01821,Isoorientin;Homoorientin;Luteolin-6-C-glucoside,C21H20O11,NA,NA,Lipids [BR:br08002]; PK  Polyketides;  PK12 Flavonoids;   PK1211 Flavones and Flavonols;    C01821  Isoorientin;Phytochemical compounds [BR:br08003]; Flavonoids;  Flavonoids;   Flavones;    C01821  Isoorientin;Glycosides [BR:br08021]; C-glycosides;  C01821  Isoorientin,2.1.1.78,R03731,Feature0036,C21H20O11,"(1ξ)-1,5-Anhydro-1-[2-(3,4-dihydroxyphenyl)-5,7-dihydroxy-4-oxo-4H-chromen-8-yl]-D-galactitol"
cpd:C03951,"Luteolin 7-O-beta-D-glucoside;Luteolin 7-O-glucoside;7-O-beta-D-Glucosyl-5,7,3',4'-tetrahydroxyflavone",C21H20O11,Flavone and flavonol biosynthesis,NA,Lipids [BR:br08002]; PK  Polyketides;  PK12 Flavonoids;   PK1211 Flavones and Flavonols;    C03951  Luteolin 7-O-beta-D-glucoside;Phytochemical compounds [BR:br08003]; Flavonoids;  Flavonoids;   Flavones;    C03951  Luteolin 7-O-beta-D-glucoside;Glycosides [BR:br08021]; O-glycosides;  Flavonoid glycosides;   Flavones and flavonols;    C03951  Luteolin 7-O-beta-D-glucoside,2.4.1.81;2.4.1.236,R03588 R06829,Feature0036,C21H20O11,"(1ξ)-1,5-Anhydro-1-[2-(3,4-dihydroxyphenyl)-5,7-dihydroxy-4-oxo-4H-chromen-8-yl]-D-galactitol"
cpd:C08598,Carthamone,C21H20O11,NA,NA,Lipids [BR:br08002]; PK  Polyketides;  PK12 Flavonoids;   PK1212 Chalcones and dihydrochalcones;    C08598  Carthamone;Phytochemical compounds [BR:br08003]; Flavonoids;  Flavonoids;   Chalcones;    C08598  Carthamone,NA,NA,Feature0036,C21H20O11,"(1ξ)-1,5-Anhydro-1-[2-(3,4-dihydroxyphenyl)-5,7-dihydroxy-4-oxo-4H-chromen-8-yl]-D-galactitol"
cpd:C10042,Fisetin 8-C-glucoside,C21H20O11,NA,NA,Lipids [BR:br08002]; PK  Polyketides;  PK12 Flavonoids;   PK1211 Flavones and Flavonols;    C10042  Fisetin 8-C-glucoside;Glycosides [BR:br08021]; C-glycosides;  C10042  Fisetin 8-C-glucoside,NA,NA,Feature0036,C21H20O11,"(1ξ)-1,5-Anhydro-1-[2-(3,4-dihydroxyphenyl)-5,7-dihydroxy-4-oxo-4H-chromen-8-yl]-D-galactitol"
cpd:C10114,Orientin;Luteolin 8-C-glucoside,C21H20O11,NA,NA,Lipids [BR:br08002]; PK  Polyketides;  PK12 Flavonoids;   PK1211 Flavones and Flavonols;    C10114  Orientin;Phytochemical compounds [BR:br08003]; Flavonoids;  Flavonoids;   Flavones;    C10114  Orientin;Glycosides [BR:br08021]; C-glycosides;  C10114  Orientin,NA,NA,Feature0036,C21H20O11,"(1ξ)-1,5-Anhydro-1-[2-(3,4-dihydroxyphenyl)-5,7-dihydroxy-4-oxo-4H-chromen-8-yl]-D-galactitol"
cpd:C12249,Kaempferol 3-O-glucoside;Kaempferol 3-O-beta-D-glucoside;Astragalin,C21H20O11,Flavone and flavonol biosynthesis;Biosynthesis of secondary metabolites,NA,Lipids [BR:br08002]; PK  Polyketides;  PK12 Flavonoids;   PK1211 Flavones and Flavonols;    C12249  Kaempferol 3-O-glucoside;Phytochemical compounds [BR:br08003]; Flavonoids;  Flavonoids;   Flavonols;    C12249  Kaempferol 3-O-glucoside;Glycosides [BR:br08021]; O-glycosides;  Flavonoid glycosides;   Flavones and flavonols;    C12249  Kaempferol 3-O-glucoside,2.4.1.91;2.4.1.159;2.4.1.239,R06611 R06804 R12046,Feature0036,C21H20O11,"(1ξ)-1,5-Anhydro-1-[2-(3,4-dihydroxyphenyl)-5,7-dihydroxy-4-oxo-4H-chromen-8-yl]-D-galactitol"
cpd:C12626,Kaempferol-3-O-galactoside;Kaempferol 3-O-beta-D-galactoside;Trifolin,C21H20O11,Flavone and flavonol biosynthesis;Biosynthesis of secondary metabolites,NA,Lipids [BR:br08002]; PK  Polyketides;  PK12 Flavonoids;   PK1211 Flavones and Flavonols;    C12626  Kaempferol 3-O-beta-D-galactoside;Phytochemical compounds [BR:br08003]; Flavonoids;  Flavonoids;   Flavonols;    C12626  Kaempferol-3-O-galactoside;Glycosides [BR:br08021]; O-glycosides;  Flavonoid glycosides;   Flavones and flavonols;    C12626  Kaempferol-3-O-galactoside,2.4.1.234;2.4.1.-,R06808 R08128,Feature0036,C21H20O11,"(1ξ)-1,5-Anhydro-1-[2-(3,4-dihydroxyphenyl)-5,7-dihydroxy-4-oxo-4H-chromen-8-yl]-D-galactitol"
cpd:C16409,Aureusidin 6-O-glucoside;Aureusidin 6-O-beta-D-glucoside,C21H20O11,Flavonoid biosynthesis;Biosynthesis of secondary metabolites,NA,Lipids [BR:br08002]; PK  Polyketides;  PK12 Flavonoids;   PK1213 Aurone flavonoids;    C16409  Aureusidin 6-O-glucoside;Phytochemical compounds [BR:br08003]; Flavonoids;  Flavonoids;   Aurones;    C16409  Aureusidin 6-O-glucoside,1.21.3.6,R08008 R08010,Feature0036,C21H20O11,"(1ξ)-1,5-Anhydro-1-[2-(3,4-dihydroxyphenyl)-5,7-dihydroxy-4-oxo-4H-chromen-8-yl]-D-galactitol"
cpd:C17056,Plantaginin;Scutellarein 7beta-D-glucopyranoside,C21H20O11,NA,NA,Lipids [BR:br08002]; PK  Polyketides;  PK12 Flavonoids;   PK1211 Flavones and Flavonols;    C17056  Plantaginin;Glycosides [BR:br08021]; O-glycosides;  Flavonoid glycosides;   Flavanones;    C17056  Plantaginin,NA,NA,Feature0036,C21H20O11,"(1ξ)-1,5-Anhydro-1-[2-(3,4-dihydroxyphenyl)-5,7-dihydroxy-4-oxo-4H-chromen-8-yl]-D-galactitol"
cpd:C01460,Vitexin;Apigenin 8-C-glucoside,C21H20O10,Flavonoid biosynthesis;Flavone and flavonol biosynthesis,NA,Lipids [BR:br08002]; PK  Polyketides;  PK12 Flavonoids;   PK1211 Flavones and Flavonols;    C01460  Vitexin;Phytochemical compounds [BR:br08003]; Flavonoids;  Flavonoids;   Flavones;    C01460  Vitexin;Glycosides [BR:br08021]; C-glycosides;  C01460  Vitexin,2.4.1.105,R03565 R06822 R06823 R08130,Feature0026,C21H20O10,NP-018730
cpd:C01714,Isovitexin;Saponaretin;Apigenin-6-C-glucoside;6-C-Glucosylapigenin;Apigenin 6-C-glucoside,C21H20O10,Flavone and flavonol biosynthesis,NA,Lipids [BR:br08002]; PK  Polyketides;  PK12 Flavonoids;   PK1211 Flavones and Flavonols;    C01714  Apigenin-6-C-glucoside;Phytochemical compounds [BR:br08003]; Flavonoids;  Flavonoids;   Flavones;    C01714  Isovitexin;Glycosides [BR:br08021]; C-glycosides;  C01714  Isovitexin,2.4.1.106,R03686 R06825 R08126,Feature0026,C21H20O10,NP-018730
cpd:C04608,"Apigenin 7-O-beta-D-glucoside;7-O-beta-D-Glucosyl-5,7,4'-trihydroxyflavone;Apigenin 7-O-glucoside;Apigetrin;7-(beta-D-Glucopyranosyloxy)-5-hydroxy-2-(4-hydroxyphenyl)-4H-1-benzopyran-4-one;Cosmetin;Cosmosiin",C21H20O10,Flavone and flavonol biosynthesis,NA,Lipids [BR:br08002]; PK  Polyketides;  PK12 Flavonoids;   PK1211 Flavones and Flavonols;    C04608  Apigenin 7-O-beta-D-glucoside;Phytochemical compounds [BR:br08003]; Flavonoids;  Flavonoids;   Flavones;    C04608  Apigenin 7-O-beta-D-glucoside;Glycosides [BR:br08021]; O-glycosides;  Flavonoid glycosides;   Flavones and flavonols;    C04608  Apigenin 7-O-beta-D-glucoside,2.3.1.115;2.4.1.81;2.4.1.236;2.4.2.25,R03574 R04526 R06821 R06826,Feature0026,C21H20O10,NP-018730
cpd:C09126,Genistein 7-O-beta-D-glucoside;Genistin,C21H20O10,Isoflavonoid biosynthesis,NA,Lipids [BR:br08002]; PK  Polyketides;  PK12 Flavonoids;   PK1205 Isoflavonoids;    C09126  Genistein 7-O-beta-D-glucoside;Phytochemical compounds [BR:br08003]; Flavonoids;  Isoflavonoids;   Isoflavones;    C09126  Genistein 7-O-beta-D-glucoside;Glycosides [BR:br08021]; O-glycosides;  Flavonoid glycosides;   Isoflavones;    C09126  Genistein 7-O-beta-D-glucoside,2.3.1.115;2.4.1.170;3.2.1.21,R02932 R07757 R13052,Feature0026,C21H20O10,NP-018730
cpd:C10345,"Emodin 8-glucoside;1-beta-D-Glucopyranosyloxy-3-methyl-6-hydroxy-8-hydroxy-9,10-anthraquinone",C21H20O10,NA,NA,Lipids [BR:br08002]; PK  Polyketides;  PK13 Aromatic polyketides;   PK1304 Anthracenes and phenanthrenes;    C10345  Emodin 8-glucoside;Phytochemical compounds [BR:br08003]; Polyketides;  Anthraquinones;   Anthraquinone type;    C10345  Emodin 8-glucoside;Glycosides [BR:br08021]; O-glycosides;  Anthraquinone glycosides;   C10345  Emodin 8-glucoside,NA,NA,Feature0026,C21H20O10,NP-018730
cpd:C10420,Genistein 8-C-glucoside,C21H20O10,NA,NA,Lipids [BR:br08002]; PK  Polyketides;  PK12 Flavonoids;   PK1205 Isoflavonoids;    C10420  Genistein 8-C-glucoside;Phytochemical compounds [BR:br08003]; Flavonoids;  Isoflavonoids;   Isoflavones;    C10420  Genistein 8-C-glucoside;Glycosides [BR:br08021]; C-glycosides;  C10420  Genistein 8-C-glucoside,NA,NA,Feature0026,C21H20O10,NP-018730
cpd:C16911,Afzelin;Kaempferin;Kaempferol 3-O-alpha-L-rhamnoside,C21H20O10,Flavone and flavonol biosynthesis,NA,Lipids [BR:br08002]; PK  Polyketides;  PK12 Flavonoids;   PK1211 Flavones and Flavonols;    C16911  Afzelin;Glycosides [BR:br08021]; O-glycosides;  Flavonoid glycosides;   Flavones and flavonols;    C16911  Afzelin,2.4.1.-,R09802 R12047,Feature0026,C21H20O10,NP-018730
cpd:C09617,Catechin 7-O-beta-D-xyloside,C20H22O10,NA,NA,"Lipids [BR:br08002]; PK  Polyketides;  PK12 Flavonoids;   PK1202 Flavans, Flavanols and Leucoanthocyanidins;    C09617  Catechin 7-O-beta-D-xyloside;Phytochemical compounds [BR:br08003]; Flavonoids;  Flavonoids;   Flavan 3-ols;    C09617  Catechin 7-O-beta-D-xyloside;Glycosides [BR:br08021]; O-glycosides;  Flavonoid glycosides;   Flavans;    C09617  Catechin 7-O-beta-D-xyloside",NA,NA,Feature0023,C20H22O10,"(2R,3S)-2-(3,4-Dihydroxyphenyl)-3,5-dihydroxy-3,4-dihydro-2H-chromen-7-yl pentopyranoside"
cpd:C10873,Plicatic acid,C20H22O10,NA,NA,Phytochemical compounds [BR:br08003]; Phenylpropanoids;  Lignans;   Lignans;    C10873  Plicatic acid,NA,NA,Feature0023,C20H22O10,"(2R,3S)-2-(3,4-Dihydroxyphenyl)-3,5-dihydroxy-3,4-dihydro-2H-chromen-7-yl pentopyranoside"
cpd:C09788,Monotropein,C16H22O11,NA,NA,"Lipids [BR:br08002]; PR  Prenol lipids;  PR01 Isoprenoids;   PR0102 C10 isoprenoids (monoterpenes);    PR010207 Iridoid, 10-alkyliridoid and secoiridoid monoterpenoids;     C09788  Monotropein;Phytochemical compounds [BR:br08003]; Terpenoids;  Monoterpenoids (C10);   Iridoids;    C09788  Monotropein;Glycosides [BR:br08021]; O-glycosides;  Iridoid glycosides;   C09788  Monotropein",NA,NA,Feature0013,C16H22O11,beta-d-glucose pentaacetate
cpd:C14795,"2,3-Dinor-8-iso prostaglandin F1alpha;2,3-Dinor-8-iso PGF1alpha",C18H32O5,Arachidonic acid metabolism,NA,"Lipids [BR:br08002]; FA  Fatty acyls;  FA03 Eicosanoids;   FA0301 Prostaglandins;    C14795  2,3-Dinor-8-iso prostaglandin F1alpha",NA,NA,Feature0007,C18H32O5,Corchorifatty acid F
cpd:C09965,Rhododendrin,C16H24O7,NA,NA,NA,NA,NA,Feature0006,C16H24O7,4-(3-Hydroxybutyl)phenyl β-D-glucopyranoside
cpd:C04594,"(9Z)-(13S)-12,13-Epoxyoctadeca-9,11-dienoic acid;(9Z)-(13S)-12,13-Epoxyoctadeca-9,11-dienoate;13(S)-EOD",C18H30O3,NA,NA,"Lipids [BR:br08002]; FA  Fatty acyls;  FA01 Fatty Acids and Conjugates;   FA0107 Epoxy fatty acids;    C04594  (9Z)-(13S)-12,13-Epoxyoctadeca-9,11-dienoic acid;  FA02 Octadecanoids;   FA0200 Other Octadecanoids;    C04594  (9Z)-(13S)-12,13-Epoxyoctadeca-9,11-dienoic acid",NA,NA,Feature0004,C18H30O3,A-12(13)-EpODE
cpd:C04780,"8-[(1S,2S)-3-Oxo-2-{(Z)-pent-2-enyl}cyclopentyl]octanoate;OPC-8:0;8-[(1S,2S)-3-Oxo-2-[(Z)-pent-2-enyl]cyclopentyl]octanoic acid;(9S,13S)-10,11-Dihydro-12-oxo-15-phytoenoate",C18H30O3,alpha-Linolenic acid metabolism;Biosynthesis of plant hormones;Metabolic pathways;Biosynthesis of secondary metabolites,Jasmonic acid biosynthesis,"Lipids [BR:br08002]; FA  Fatty acyls;  FA02 Octadecanoids;   FA0201 12-oxophytodienoic acid metabolites;    C04780  8-[(1S,2S)-3-Oxo-2-[(Z)-pent-2-enyl]cyclopentyl]octanoic acid",1.3.1.42;6.2.1.-,R03401 R07887,Feature0004,C18H30O3,A-12(13)-EpODE
cpd:C13798,8-(5-Hexyl-furan-2-yl)-octanoic acid;8-(5-Hexyl-furan-2-yl)-octanoate,C18H30O3,NA,NA,Lipids [BR:br08002]; FA  Fatty acyls;  FA01 Fatty Acids and Conjugates;   FA0115 Heterocyclic fatty acids;    C13798  8-(5-Hexyl-furan-2-yl)-octanoic acid,NA,NA,Feature0004,C18H30O3,A-12(13)-EpODE
cpd:C14765,"13-OxoODE;13-KODE;(9Z,11E)-13-Oxooctadeca-9,11-dienoic acid",C18H30O3,Linoleic acid metabolism,NA,"Lipids [BR:br08002]; FA  Fatty acyls;  FA02 Octadecanoids;   FA0200 Other Octadecanoids;    C14765  (9Z,11E)-13-Oxooctadeca-9,11-dienoic acid",1.1.1.-,R07058,Feature0004,C18H30O3,A-12(13)-EpODE
cpd:C14766,"9-OxoODE;9-KODE;(10E,12Z)-9-Oxooctadeca-10,12-dienoic acid",C18H30O3,Linoleic acid metabolism,NA,"Lipids [BR:br08002]; FA  Fatty acyls;  FA02 Octadecanoids;   FA0200 Other Octadecanoids;    C14766  (10E,12Z)-9-Oxooctadeca-10,12-dienoic acid",NA,NA,Feature0004,C18H30O3,A-12(13)-EpODE
cpd:C16316,"13(S)-HOT;(9Z,11E,15Z)-(13S)-Hydroxyoctadeca-9,11,15-trienoate;(9Z,11E,15Z)-(13S)-13-Hydroxyoctadeca-9,11,15-trienoic acid;(9Z,11E,13S,15Z)-13-Hydroxyoctadeca-9,11,15-trienoic acid;13(S)-HOTrE",C18H30O3,alpha-Linolenic acid metabolism,NA,"Lipids [BR:br08002]; FA  Fatty acyls;  FA02 Octadecanoids;   FA0200 Other Octadecanoids;    C16316  (9Z,11E,14Z)-(13S)-13-Hydroxyoctadeca-9,11,14-trienoic acid",NA,NA,Feature0004,C18H30O3,A-12(13)-EpODE
cpd:C16326,"9(S)-HOT;(9S)-(10E,12Z,15Z)-9-Hydroxyoctadecatri-10,12,15-enoic acid;9(S)-HOTrE",C18H30O3,alpha-Linolenic acid metabolism,NA,"Lipids [BR:br08002]; FA  Fatty acyls;  FA02 Octadecanoids;   FA0200 Other Octadecanoids;    C16326  (9S)-(10E,12Z,15Z)-9-Hydroxyoctadecatri-10,12,15-enoic acid",NA,NA,Feature0004,C18H30O3,A-12(13)-EpODE
cpd:C16342,"2(R)-HOT;(2R)-(9Z,12Z,15Z)-2-Hydroxyoctadecatri-9,12,15-enoic acid;2(R)-HOTrE",C18H30O3,alpha-Linolenic acid metabolism,NA,"Lipids [BR:br08002]; FA  Fatty acyls;  FA02 Octadecanoids;   FA0200 Other Octadecanoids;    C16342  (2R)-(9Z,12Z,15Z)-2-Hydroxyoctadecatri-9,12,15-enoic acid",NA,NA,Feature0004,C18H30O3,A-12(13)-EpODE
cpd:C16346,"17-Hydroxylinolenic acid;(9Z,12Z,15Z)-17-Hydroxyoctadecatri-9,12,15-enoic acid",C18H30O3,alpha-Linolenic acid metabolism,NA,"Lipids [BR:br08002]; FA  Fatty acyls;  FA02 Octadecanoids;   FA0200 Other Octadecanoids;    C16346  (9Z,12Z,15Z)-17-Hydroxyoctadecatri-9,12,15-enoic acid",NA,NA,Feature0004,C18H30O3,A-12(13)-EpODE
cpd:C19613,"Juvenile hormone I;Methyl (2E,6E,10R,11S)-10,11-epoxy-7-ethyl-3,11-dimethyl-2,6-tridecadienoate",C18H30O3,NA,NA,NA,3.1.1.59,R10983,Feature0004,C18H30O3,A-12(13)-EpODE
cpd:C19827,"Colneleate;(8E)-9-[(1E,3Z)-Nona-1,3-dien-1-yloxy]non-8-enoate",C18H30O3,NA,NA,Lipids [BR:br08002]; FA  Fatty acyls;  FA10 Fatty ethers;   C19827  Colneleic acid,4.2.1.121,R09699,Feature0004,C18H30O3,A-12(13)-EpODE
cpd:C22503,"8-[(1R,2R)-3-Oxo-2-{(Z)-pent-2-enyl}cyclopentyl]octanoate;8-[(1R,2R)-3-Oxo-2-{(Z)-pent-2-enyl}cyclopentyl]octanoic acid;(9R,13R)-10,11-Dihydro-12-oxo-15-phytoenoate",C18H30O3,NA,NA,"Lipids [BR:br08002]; FA  Fatty acyls;  FA02 Octadecanoids;   FA0201 12-oxophytodienoic acid metabolites;    C22503  8-[(1R,2R)-3-Oxo-2-{(Z)-pent-2-enyl}cyclopentyl]octanoic acid",1.3.1.42,R12992,Feature0004,C18H30O3,A-12(13)-EpODE
cpd:C04594,"(9Z)-(13S)-12,13-Epoxyoctadeca-9,11-dienoic acid;(9Z)-(13S)-12,13-Epoxyoctadeca-9,11-dienoate;13(S)-EOD",C18H30O3,NA,NA,"Lipids [BR:br08002]; FA  Fatty acyls;  FA01 Fatty Acids and Conjugates;   FA0107 Epoxy fatty acids;    C04594  (9Z)-(13S)-12,13-Epoxyoctadeca-9,11-dienoic acid;  FA02 Octadecanoids;   FA0200 Other Octadecanoids;    C04594  (9Z)-(13S)-12,13-Epoxyoctadeca-9,11-dienoic acid",NA,NA,Feature0003,C18H30O3,A-12(13)-EpODE
cpd:C04780,"8-[(1S,2S)-3-Oxo-2-{(Z)-pent-2-enyl}cyclopentyl]octanoate;OPC-8:0;8-[(1S,2S)-3-Oxo-2-[(Z)-pent-2-enyl]cyclopentyl]octanoic acid;(9S,13S)-10,11-Dihydro-12-oxo-15-phytoenoate",C18H30O3,alpha-Linolenic acid metabolism;Biosynthesis of plant hormones;Metabolic pathways;Biosynthesis of secondary metabolites,Jasmonic acid biosynthesis,"Lipids [BR:br08002]; FA  Fatty acyls;  FA02 Octadecanoids;   FA0201 12-oxophytodienoic acid metabolites;    C04780  8-[(1S,2S)-3-Oxo-2-[(Z)-pent-2-enyl]cyclopentyl]octanoic acid",1.3.1.42;6.2.1.-,R03401 R07887,Feature0003,C18H30O3,A-12(13)-EpODE
cpd:C13798,8-(5-Hexyl-furan-2-yl)-octanoic acid;8-(5-Hexyl-furan-2-yl)-octanoate,C18H30O3,NA,NA,Lipids [BR:br08002]; FA  Fatty acyls;  FA01 Fatty Acids and Conjugates;   FA0115 Heterocyclic fatty acids;    C13798  8-(5-Hexyl-furan-2-yl)-octanoic acid,NA,NA,Feature0003,C18H30O3,A-12(13)-EpODE
cpd:C14765,"13-OxoODE;13-KODE;(9Z,11E)-13-Oxooctadeca-9,11-dienoic acid",C18H30O3,Linoleic acid metabolism,NA,"Lipids [BR:br08002]; FA  Fatty acyls;  FA02 Octadecanoids;   FA0200 Other Octadecanoids;    C14765  (9Z,11E)-13-Oxooctadeca-9,11-dienoic acid",1.1.1.-,R07058,Feature0003,C18H30O3,A-12(13)-EpODE
cpd:C14766,"9-OxoODE;9-KODE;(10E,12Z)-9-Oxooctadeca-10,12-dienoic acid",C18H30O3,Linoleic acid metabolism,NA,"Lipids [BR:br08002]; FA  Fatty acyls;  FA02 Octadecanoids;   FA0200 Other Octadecanoids;    C14766  (10E,12Z)-9-Oxooctadeca-10,12-dienoic acid",NA,NA,Feature0003,C18H30O3,A-12(13)-EpODE
cpd:C16316,"13(S)-HOT;(9Z,11E,15Z)-(13S)-Hydroxyoctadeca-9,11,15-trienoate;(9Z,11E,15Z)-(13S)-13-Hydroxyoctadeca-9,11,15-trienoic acid;(9Z,11E,13S,15Z)-13-Hydroxyoctadeca-9,11,15-trienoic acid;13(S)-HOTrE",C18H30O3,alpha-Linolenic acid metabolism,NA,"Lipids [BR:br08002]; FA  Fatty acyls;  FA02 Octadecanoids;   FA0200 Other Octadecanoids;    C16316  (9Z,11E,14Z)-(13S)-13-Hydroxyoctadeca-9,11,14-trienoic acid",NA,NA,Feature0003,C18H30O3,A-12(13)-EpODE
cpd:C16326,"9(S)-HOT;(9S)-(10E,12Z,15Z)-9-Hydroxyoctadecatri-10,12,15-enoic acid;9(S)-HOTrE",C18H30O3,alpha-Linolenic acid metabolism,NA,"Lipids [BR:br08002]; FA  Fatty acyls;  FA02 Octadecanoids;   FA0200 Other Octadecanoids;    C16326  (9S)-(10E,12Z,15Z)-9-Hydroxyoctadecatri-10,12,15-enoic acid",NA,NA,Feature0003,C18H30O3,A-12(13)-EpODE
cpd:C16342,"2(R)-HOT;(2R)-(9Z,12Z,15Z)-2-Hydroxyoctadecatri-9,12,15-enoic acid;2(R)-HOTrE",C18H30O3,alpha-Linolenic acid metabolism,NA,"Lipids [BR:br08002]; FA  Fatty acyls;  FA02 Octadecanoids;   FA0200 Other Octadecanoids;    C16342  (2R)-(9Z,12Z,15Z)-2-Hydroxyoctadecatri-9,12,15-enoic acid",NA,NA,Feature0003,C18H30O3,A-12(13)-EpODE
cpd:C16346,"17-Hydroxylinolenic acid;(9Z,12Z,15Z)-17-Hydroxyoctadecatri-9,12,15-enoic acid",C18H30O3,alpha-Linolenic acid metabolism,NA,"Lipids [BR:br08002]; FA  Fatty acyls;  FA02 Octadecanoids;   FA0200 Other Octadecanoids;    C16346  (9Z,12Z,15Z)-17-Hydroxyoctadecatri-9,12,15-enoic acid",NA,NA,Feature0003,C18H30O3,A-12(13)-EpODE
cpd:C19613,"Juvenile hormone I;Methyl (2E,6E,10R,11S)-10,11-epoxy-7-ethyl-3,11-dimethyl-2,6-tridecadienoate",C18H30O3,NA,NA,NA,3.1.1.59,R10983,Feature0003,C18H30O3,A-12(13)-EpODE
cpd:C19827,"Colneleate;(8E)-9-[(1E,3Z)-Nona-1,3-dien-1-yloxy]non-8-enoate",C18H30O3,NA,NA,Lipids [BR:br08002]; FA  Fatty acyls;  FA10 Fatty ethers;   C19827  Colneleic acid,4.2.1.121,R09699,Feature0003,C18H30O3,A-12(13)-EpODE
cpd:C22503,"8-[(1R,2R)-3-Oxo-2-{(Z)-pent-2-enyl}cyclopentyl]octanoate;8-[(1R,2R)-3-Oxo-2-{(Z)-pent-2-enyl}cyclopentyl]octanoic acid;(9R,13R)-10,11-Dihydro-12-oxo-15-phytoenoate",C18H30O3,NA,NA,"Lipids [BR:br08002]; FA  Fatty acyls;  FA02 Octadecanoids;   FA0201 12-oxophytodienoic acid metabolites;    C22503  8-[(1R,2R)-3-Oxo-2-{(Z)-pent-2-enyl}cyclopentyl]octanoic acid",1.3.1.42,R12992,Feature0003,C18H30O3,A-12(13)-EpODE
cpd:C03648,"cis-3,4-Leucopelargonidin",C15H14O6,Flavonoid biosynthesis;Metabolic pathways;Biosynthesis of secondary metabolites,"Flavonoid biosynthesis, naringenin => pelargonidin","Lipids [BR:br08002]; PK  Polyketides;  PK12 Flavonoids;   PK1202 Flavans, Flavanols and Leucoanthocyanidins;    C03648  cis-3,4-Leucopelargonidin;Phytochemical compounds [BR:br08003]; Flavonoids;  Flavonoids;   Flavan 3,4-diols;    C03648  cis-3,4-Leucopelargonidin",1.1.1.219;1.14.20.4;1.17.1.3,R03123 R04276 R06540 R06615,Feature0002,C15H14O6,Epicatechin
cpd:C05907,Luteoforol;3-Deoxyleucocyanidin,C15H14O6,Flavonoid biosynthesis,NA,"Lipids [BR:br08002]; PK  Polyketides;  PK12 Flavonoids;   PK1202 Flavans, Flavanols and Leucoanthocyanidins;    C05907  Luteoforol;Phytochemical compounds [BR:br08003]; Flavonoids;  Flavonoids;   Flavan 4-ols;    C05907  Luteoforol",1.1.1.234,R04901,Feature0002,C15H14O6,Epicatechin
cpd:C06562,"(+)-Catechin;D-Catechin;Cyanidanol;(2R-trans)-2-(3,4-Dihydroxyphenyl)-3,4-dihydro-2H-1-benzopyran-3,5,7-triol;(2R,3S)-Catechin;(2R,3S)-(+)-Catechin;Cianidanol",C15H14O6,Flavonoid biosynthesis;Biosynthesis of phenylpropanoids;Biosynthesis of secondary metabolites,NA,"Lipids [BR:br08002]; PK  Polyketides;  PK12 Flavonoids;   PK1202 Flavans, Flavanols and Leucoanthocyanidins;    C06562  (+)-Catechin;Phytochemical compounds [BR:br08003]; Flavonoids;  Flavonoids;   Flavan 3-ols;    C06562  (+)-Catechin",1.17.1.3,R06532,Feature0002,C15H14O6,Epicatechin
cpd:C08739,alpha-Cotonefuran,C15H14O6,NA,NA,NA,NA,NA,Feature0002,C15H14O6,Epicatechin
cpd:C08742,"2,8-Dihydroxy-3,4,7-trimethoxydibenzofuran",C15H14O6,NA,NA,NA,NA,NA,Feature0002,C15H14O6,Epicatechin
cpd:C09030,Ptaeroglycol,C15H14O6,NA,NA,Lipids [BR:br08002]; PK  Polyketides;  PK13 Aromatic polyketides;   PK1311 Benzopyranoids;    C09030  Ptaeroglycol;Phytochemical compounds [BR:br08003]; Polyketides;  Pyrones;   Chromones;    C09030  Ptaeroglycol,NA,NA,Feature0002,C15H14O6,Epicatechin
cpd:C09511,Mikanolide,C15H14O6,NA,NA,Phytochemical compounds [BR:br08003]; Terpenoids;  Sesquiterpenoids (C15);   Germacrenes;    C09511  Mikanolide,NA,NA,Feature0002,C15H14O6,Epicatechin
cpd:C09727,(-)-Epicatechin,C15H14O6,Flavonoid biosynthesis;Biosynthesis of phenylpropanoids;Metabolic pathways;Biosynthesis of secondary metabolites,NA,"Lipids [BR:br08002]; PK  Polyketides;  PK12 Flavonoids;   PK1202 Flavans, Flavanols and Leucoanthocyanidins;    C09727  (-)-Epicatechin;Phytochemical compounds [BR:br08003]; Flavonoids;  Flavonoids;   Flavan 3-ols;    C09727  (-)-Epicatechin",1.3.1.77,R06542,Feature0002,C15H14O6,Epicatechin
cpd:C09728,(+)-Epicatechin;ent-Epicatechin,C15H14O6,NA,NA,"Lipids [BR:br08002]; PK  Polyketides;  PK12 Flavonoids;   PK1202 Flavans, Flavanols and Leucoanthocyanidins;    C09728  (+)-Epicatechin;Phytochemical compounds [BR:br08003]; Flavonoids;  Flavonoids;   Flavan 3-ols;    C09728  (+)-Epicatechin",NA,NA,Feature0002,C15H14O6,Epicatechin
cpd:C09736,"Fisetinidol-4beta-ol;(-)-Mollisacacidin;Fisetinin-3,4-diol;5-Deoxyleucocyanidin",C15H14O6,Flavonoid biosynthesis,NA,"Lipids [BR:br08002]; PK  Polyketides;  PK12 Flavonoids;   PK1202 Flavans, Flavanols and Leucoanthocyanidins;    C09736  Fisetinidol-4beta-ol;Phytochemical compounds [BR:br08003]; Flavonoids;  Flavonoids;   Flavan 3,4-diols;    C09736  5-Deoxyleucocyanidin",1.1.1.219,R07999 R08001,Feature0002,C15H14O6,Epicatechin
cpd:C09787,Isoplumericin,C15H14O6,NA,NA,Phytochemical compounds [BR:br08003]; Terpenoids;  Monoterpenoids (C10);   Iridoids;    C09787  Isoplumericin,NA,NA,Feature0002,C15H14O6,Epicatechin
cpd:C09796,Plumericin,C15H14O6,NA,NA,Phytochemical compounds [BR:br08003]; Terpenoids;  Monoterpenoids (C10);   Iridoids;    C09796  Plumericin,NA,NA,Feature0002,C15H14O6,Epicatechin
cpd:C14079,(-)-Catechin,C15H14O6,NA,NA,Phytochemical compounds [BR:br08003]; Flavonoids;  Flavonoids;   Flavan 3-ols;    C14079  (-)-Catechin,NA,NA,Feature0002,C15H14O6,Epicatechin
cpd:C17590,Catechin;(+/-)-Catechin,C15H14O6,NA,NA,"Lipids [BR:br08002]; PK  Polyketides;  PK12 Flavonoids;   PK1202 Flavans, Flavanols and Leucoanthocyanidins;    C17590  Catechin",NA,NA,Feature0002,C15H14O6,Epicatechin
cpd:C22565,"2-Hydroxy-1-(2,4,6-trihydroxyphenyl)-3-(4-hydroxyphenyl)propan-1-one",C15H14O6,NA,NA,NA,NA,R13071,Feature0002,C15H14O6,Epicatechin
cpd:C22567,"3-hydroxyphloretin;3-(3,4-Dihydroxyphenyl)-1-(2,4,6-trihydroxyphenyl)propan-1-one",C15H14O6,NA,NA,NA,NA,R13072,Feature0002,C15H14O6,Epicatechin
cpd:C06426,"(6Z,9Z,12Z)-Octadecatrienoic acid;6,9,12-Octadecatrienoic acid;gamma-Linolenic acid;Gamolenic acid",C18H30O2,Linoleic acid metabolism;Biosynthesis of unsaturated fatty acids;Metabolic pathways,NA,"Compounds with biological roles [BR:br08001]; Lipids;  Fatty acids;   Unsaturated fatty acids;    C06426  gamma-Linolenic acid (18:3;6,9,12);Lipids [BR:br08002]; FA  Fatty acyls;  FA01 Fatty Acids and Conjugates;   FA0103 Unsaturated fatty acids;    Polyunsaturated fatty acids;     C06426  (6Z,9Z,12Z)-Octadeca-6,9,12-trienoic acid;Phytochemical compounds [BR:br08003]; Fatty acids related compounds;  Fatty acids;   Unsaturated fatty acids;    C06426  gamma-Linolenic acid;Anatomical Therapeutic Chemical (ATC) classification [BR:br08303]; D DERMATOLOGICALS;  D11 OTHER DERMATOLOGICAL PREPARATIONS;   D11A OTHER DERMATOLOGICAL PREPARATIONS;    D11AX Other dermatologicals;     D11AX02 Gamolenic acid;      D07213  Gamolenic acid (INN)",1.14.19.3;3.1.2.2,R07063 R08181,Feature0001,C18H30O2,Pinolenic acid
cpd:C06427,"(9Z,12Z,15Z)-Octadecatrienoic acid;alpha-Linolenic acid;9,12,15-Octadecatrienoic acid;Linolenate;alpha-Linolenate",C18H30O2,alpha-Linolenic acid metabolism;Biosynthesis of unsaturated fatty acids;Biosynthesis of plant secondary metabolites;Biosynthesis of plant hormones;Metabolic pathways;Biosynthesis of secondary metabolites,Jasmonic acid biosynthesis,"Compounds with biological roles [BR:br08001]; Lipids;  Fatty acids;   Unsaturated fatty acids;    C06427  alpha-Linolenic acid (18:3;9,12,15);Lipids [BR:br08002]; FA  Fatty acyls;  FA01 Fatty Acids and Conjugates;   FA0103 Unsaturated fatty acids;    Polyunsaturated fatty acids;     C06427  (9Z,12Z,15Z)-Octadeca-9,12,15-trienoic acid",1.13.11.12;1.13.11.61;1.13.11.77;1.13.11.92;1.14.19.-;3.1.1.4;3.1.1.32;3.1.2.2,R07859 R07860 R07861 R07864 R07869 R08178 R09810 R10578;R12775,Feature0001,C18H30O2,Pinolenic acid
cpd:C07289,Crepenynate;(9Z)-Octadec-9-en-12-ynoate;(Z)-9-Octadecen-12-ynoic acid;Crepenynic acid,C18H30O2,Linoleic acid metabolism;Biosynthesis of plant secondary metabolites,NA,Lipids [BR:br08002]; FA  Fatty acyls;  FA01 Fatty Acids and Conjugates;   FA0103 Unsaturated fatty acids;    Acetylenic fatty acids;     C07289  (Z)-9-Octadecen-12-ynoic acid,1.14.19.39,R05740,Feature0001,C18H30O2,Pinolenic acid
cpd:C08315,"(9Z,11E,13E)-Octadecatrienoic acid;(9Z,11E,13E)-9,11,13-Octadecatrienoic acid;alpha-Eleostearic acid",C18H30O2,NA,NA,"Lipids [BR:br08002]; FA  Fatty acyls;  FA01 Fatty Acids and Conjugates;   FA0103 Unsaturated fatty acids;    Polyunsaturated fatty acids;     C08315  (9Z,11E,13E)-Octadeca-9,11,13-trienoic acid",NA,NA,Feature0001,C18H30O2,Pinolenic acid
cpd:C08364,"Punicic acid;cis-9,trans-11,cis-13-Octadecatrienoic acid;Trichosanic acid;(9Z,11E,13Z)-Octadeca-9,11,13-trienoic acid",C18H30O2,NA,NA,"Lipids [BR:br08002]; FA  Fatty acyls;  FA01 Fatty Acids and Conjugates;   FA0103 Unsaturated fatty acids;    Polyunsaturated fatty acids;     C08364  (9Z,11E,13Z)-Octadeca-9,11,13-trienoic acid;Phytochemical compounds [BR:br08003]; Fatty acids related compounds;  Fatty acids;   Unsaturated fatty acids;    C08364  Punicic acid",NA,NA,Feature0001,C18H30O2,Pinolenic acid
cpd:C15201,"5beta-Estrane-3alpha,17beta-diol;19-Nor-5beta-androstane-3alpha,17beta-diol",C18H30O2,NA,NA,NA,NA,NA,Feature0001,C18H30O2,Pinolenic acid
